lon0,lat0,lon1,lon0,distance
41.7438,-71.3442,41.686,-71.284,12471
41.7438,-71.3442,41.7528,-71.4717,28466
41.75,-71.3215,41.686,-71.284,10371
41.75,-71.3215,41.7528,-71.4717,27292
41.7557,-71.3023,41.686,-71.284,9996
41.7557,-71.3023,41.7528,-71.4717,27888
41.7187,-71.2744,41.686,-71.284,5111
41.7187,-71.2744,41.7528,-71.4717,34033
41.7246,-71.5254,41.686,-71.284,43505
41.7246,-71.5254,41.7528,-71.4717,7655
41.6913,-71.7422,41.686,-71.284,71027
41.6913,-71.7422,41.7528,-71.4717,38559
41.6546,-71.4571,41.686,-71.284,47406
41.6546,-71.4571,41.7528,-71.4717,14938
41.7466,-71.4135,41.686,-71.284,36476
41.7466,-71.4135,41.7528,-71.4717,7867
41.681,-71.3811,41.686,-71.284,44879
41.681,-71.3811,41.7528,-71.4717,15059
41.6937,-71.4206,41.686,-71.284,42130
41.6937,-71.4206,41.7528,-71.4717,10241
41.632,-71.2348,41.686,-71.284,12537
41.632,-71.2348,41.7528,-71.4717,51918
41.5343,-71.2843,41.686,-71.284,20700
41.5343,-71.2843,41.7528,-71.4717,49039
41.4816,-71.3038,41.686,-71.284,27328
41.4816,-71.3038,41.7528,-71.4717,45666
41.5147,-71.323,41.686,-71.284,26101
41.5147,-71.323,41.7528,-71.4717,44428
41.7928,-71.3886,41.686,-71.284,28350
41.7928,-71.3886,41.7528,-71.4717,13662
41.8058,-71.4159,41.686,-71.284,26735
41.8058,-71.4159,41.7528,-71.4717,14210
41.8238,-71.426,41.686,-71.284,28135
41.8238,-71.426,41.7528,-71.4717,15588
41.7933,-71.4317,41.686,-71.284,31559
41.7933,-71.4317,41.7528,-71.4717,10172
41.8355,-71.4487,41.686,-71.284,30682
41.8355,-71.4487,41.7528,-71.4717,15608
41.8294,-71.4268,41.686,-71.284,28252
41.8294,-71.4268,41.7528,-71.4717,14561
41.8441,-71.3988,41.686,-71.284,30969
41.8441,-71.3988,41.7528,-71.4717,18422
41.8298,-71.3843,41.686,-71.284,25166
41.8298,-71.3843,41.7528,-71.4717,15542
41.8088,-71.3791,41.686,-71.284,22910
41.8088,-71.3791,41.7528,-71.4717,16338
41.7738,-71.3403,41.686,-71.284,15355
41.7738,-71.3403,41.7528,-71.4717,26274
41.9084,-71.4154,41.686,-71.284,40263
41.9084,-71.4154,41.7528,-71.4717,27716
41.8605,-71.4474,41.686,-71.284,32369
41.8605,-71.4474,41.7528,-71.4717,19821
41.8626,-71.473,41.686,-71.284,36004
41.8626,-71.473,41.7528,-71.4717,23186
41.8283,-71.5376,41.686,-71.284,39072
41.8283,-71.5376,41.7528,-71.4717,14867
41.7221,-71.371,41.686,-71.284,41276
41.7221,-71.371,41.7528,-71.4717,12667
41.7005,-71.375,41.686,-71.284,43193
41.7005,-71.375,41.7528,-71.4717,14584
41.6951,-71.4001,41.686,-71.284,43748
41.6951,-71.4001,41.7528,-71.4717,11859
41.7089,-71.3958,41.686,-71.284,41148
41.7089,-71.3958,41.7528,-71.4717,12539
41.7073,-71.4416,41.686,-71.284,39369
41.7073,-71.4416,41.7528,-71.4717,7480
41.7109,-71.4233,41.686,-71.284,41345
41.7109,-71.4233,41.7528,-71.4717,9456
41.6905,-71.4461,41.686,-71.284,42915
41.6905,-71.4461,41.7528,-71.4717,8888
41.7153,-71.4634,41.686,-71.284,38243
41.7153,-71.4634,41.7528,-71.4717,5291
41.6783,-71.467,41.686,-71.284,44299
41.6783,-71.467,41.7528,-71.4717,11831
41.6871,-71.4882,41.686,-71.284,43964
41.6871,-71.4882,41.7528,-71.4717,11496
41.7154,-71.4875,41.686,-71.284,39896
41.7154,-71.4875,41.7528,-71.4717,5277
41.6527,-71.4379,41.686,-71.284,50256
41.6527,-71.4379,41.7528,-71.4717,17789
41.7228,-71.4286,41.686,-71.284,41415
41.7228,-71.4286,41.7528,-71.4717,9525
41.5601,-71.2458,41.686,-71.284,17077
41.5601,-71.2458,41.7528,-71.4717,61595
41.5977,-71.2941,41.686,-71.284,17055
41.5977,-71.2941,41.7528,-71.4717,61545
41.532,-71.3083,41.686,-71.284,22038
41.532,-71.3083,41.7528,-71.4717,46958
41.5112,-71.2983,41.686,-71.284,22963
41.5112,-71.2983,41.7528,-71.4717,44785
41.5435,-71.2992,41.686,-71.284,19574
41.5435,-71.2992,41.7528,-71.4717,48974
41.5064,-71.2641,41.686,-71.284,23375
41.5064,-71.2641,41.7528,-71.4717,47356
41.5075,-71.3127,41.686,-71.284,24367
41.5075,-71.3127,41.7528,-71.4717,44174
41.4988,-71.3069,41.686,-71.284,24275
41.4988,-71.3069,41.7528,-71.4717,44155
41.4924,-71.299,41.686,-71.284,24975
41.4924,-71.299,41.7528,-71.4717,45093
41.4635,-71.3295,41.686,-71.284,32018
41.4635,-71.3295,41.7528,-71.4717,48668
41.4823,-71.3148,41.686,-71.284,26401
41.4823,-71.3148,41.7528,-71.4717,45235
41.4933,-71.3274,41.686,-71.284,26667
41.4933,-71.3274,41.7528,-71.4717,44585
41.5139,-71.3773,41.686,-71.284,34755
41.5139,-71.3773,41.7528,-71.4717,36836
41.5157,-71.1649,41.686,-71.284,31604
41.5157,-71.1649,41.7528,-71.4717,63280
41.6667,-71.1889,41.686,-71.284,15958
41.6667,-71.1889,41.7528,-71.4717,43180
41.6406,-71.1996,41.686,-71.284,15266
41.6406,-71.1996,41.7528,-71.4717,48661
41.643,-71.1629,41.686,-71.284,15779
41.643,-71.1629,41.7528,-71.4717,49207
41.5872,-71.1724,41.686,-71.284,22722
41.5872,-71.1724,41.7528,-71.4717,56149
41.5398,-71.3155,41.686,-71.284,21967
41.5398,-71.3155,41.7528,-71.4717,47889
41.784,-71.4123,41.686,-71.284,30948
41.784,-71.4123,41.7528,-71.4717,10471
41.7945,-71.4192,41.686,-71.284,28183
41.7945,-71.4192,41.7528,-71.4717,10832
41.8036,-71.4246,41.686,-71.284,27827
41.8036,-71.4246,41.7528,-71.4717,11302
41.8514,-71.5001,41.686,-71.284,38776
41.8514,-71.5001,41.7528,-71.4717,16780
41.8266,-71.485,41.686,-71.284,34508
41.8266,-71.485,41.7528,-71.4717,17260
41.8118,-71.4798,41.686,-71.284,34667
41.8118,-71.4798,41.7528,-71.4717,9213
41.9129,-71.5262,41.686,-71.284,49199
41.9129,-71.5262,41.7528,-71.4717,24361
41.9846,-71.5335,41.686,-71.284,49071
41.9846,-71.5335,41.7528,-71.4717,35117
41.7811,-71.3959,41.686,-71.284,29207
41.7811,-71.3959,41.7528,-71.4717,12303
41.797,-71.4446,41.686,-71.284,32097
41.797,-71.4446,41.7528,-71.4717,10709
41.7934,-71.462,41.686,-71.284,34284
41.7934,-71.462,41.7528,-71.4717,5522
41.8901,-71.3759,41.686,-71.284,36201
41.8901,-71.3759,41.7528,-71.4717,23653
41.883,-71.3465,41.686,-71.284,29706
41.883,-71.3465,41.7528,-71.4717,25757
41.8702,-71.3449,41.686,-71.284,29333
41.8702,-71.3449,41.7528,-71.4717,26047
41.9906,-71.5233,41.686,-71.284,48193
41.9906,-71.5233,41.7528,-71.4717,34239
42.0141,-71.5041,41.686,-71.284,50404
42.0141,-71.5041,41.7528,-71.4717,36444
41.6347,-71.4325,41.686,-71.284,50925
41.6347,-71.4325,41.7528,-71.4717,18457
41.3838,-71.8265,41.686,-71.284,91412
41.3838,-71.8265,41.7528,-71.4717,58944
41.4522,-71.507,41.686,-71.284,53093
41.4522,-71.507,41.7528,-71.4717,41185
41.4913,-71.5311,41.686,-71.284,51766
41.4913,-71.5311,41.7528,-71.4717,36662
41.606,-71.4092,41.686,-71.284,56414
41.606,-71.4092,41.7528,-71.4717,23946
41.7261,-71.3081,41.686,-71.284,9846
41.7261,-71.3081,41.7528,-71.4717,29688
41.7313,-71.2811,41.686,-71.284,6595
41.7313,-71.2811,41.7528,-71.4717,32420
41.7305,-71.2569,41.686,-71.284,8174
41.7305,-71.2569,41.7528,-71.4717,32714
41.6724,-71.274,41.686,-71.284,3307
41.6724,-71.274,41.7528,-71.4717,39363
41.6627,-71.2582,41.686,-71.284,5987
41.6627,-71.2582,41.7528,-71.4717,39474
41.6937,-71.253,41.686,-71.284,4236
41.6937,-71.253,41.7528,-71.4717,37014
41.686,-71.284,41.7528,-71.4717,0
41.686,-71.284,41.7528,-71.4717,37536
41.686,-71.284,41.6895,-71.5145,44995
41.6895,-71.5145,41.7528,-71.4717,9671
41.686,-71.284,41.7026,-71.5205,45698
41.7026,-71.5205,41.7528,-71.4717,9341
41.686,-71.284,41.7091,-71.5283,44332
41.7091,-71.5283,41.7528,-71.4717,9087
41.686,-71.284,41.7231,-71.5029,41827
41.7231,-71.5029,41.7528,-71.4717,5977
41.686,-71.284,41.716,-71.5539,46933
41.716,-71.5539,41.7528,-71.4717,11083
41.686,-71.284,41.6913,-71.5741,59745
41.6913,-71.5741,41.7528,-71.4717,27277
41.686,-71.284,41.6714,-71.5581,51234
41.6714,-71.5581,41.7528,-71.4717,18766
41.686,-71.284,41.6945,-71.5446,47577
41.6945,-71.5446,41.7528,-71.4717,12007
41.686,-71.284,41.6907,-71.6576,62416
41.6907,-71.6576,41.7528,-71.4717,29948
41.686,-71.284,41.7027,-71.6044,59791
41.7027,-71.6044,41.7528,-71.4717,16802
41.686,-71.284,41.6292,-71.667,62094
41.6292,-71.667,41.7528,-71.4717,29627
41.686,-71.284,41.6328,-71.5175,51396
41.6328,-71.5175,41.7528,-71.4717,18928
41.686,-71.284,41.6419,-71.4788,47739
41.6419,-71.4788,41.7528,-71.4717,15271
41.686,-71.284,41.7592,-71.4128,34194
41.7592,-71.4128,41.7528,-71.4717,8029
41.686,-71.284,41.7572,-71.3937,31825
41.7572,-71.3937,41.7528,-71.4717,9518
41.686,-71.284,41.7438,-71.4324,33909
41.7438,-71.4324,41.7528,-71.4717,5301
41.686,-71.284,41.7396,-71.3879,37009
41.7396,-71.3879,41.7528,-71.4717,10851
41.686,-71.284,41.722,-71.4099,39437
41.722,-71.4099,41.7528,-71.4717,10828
41.686,-71.284,41.7248,-71.3958,39901
41.7248,-71.3958,41.7528,-71.4717,11292
41.686,-71.284,41.8919,-71.4256,37532
41.8919,-71.4256,41.7528,-71.4717,24984
41.686,-71.284,41.8689,-71.429,32305
41.8689,-71.429,41.7528,-71.4717,19757
41.686,-71.284,41.8691,-71.4552,34856
41.8691,-71.4552,41.7528,-71.4717,22308
41.686,-71.284,41.8523,-71.4627,34314
41.8523,-71.4627,41.7528,-71.4717,23685
41.686,-71.284,41.847,-71.4756,36526
41.847,-71.4756,41.7528,-71.4717,20140
41.686,-71.284,41.864,-71.482,36811
41.864,-71.482,41.7528,-71.4717,21829
41.686,-71.284,41.7978,-71.5035,37196
41.7978,-71.5035,41.7528,-71.4717,10496
41.686,-71.284,41.8962,-71.4955,40890
41.8962,-71.4955,41.7528,-71.4717,25420
41.686,-71.284,41.9042,-71.5638,50412
41.9042,-71.5638,41.7528,-71.4717,24502
41.686,-71.284,41.8688,-71.5561,44947
41.8688,-71.5561,41.7528,-71.4717,20423
41.686,-71.284,42.0049,-71.5708,52092
42.0049,-71.5708,41.7528,-71.4717,38138
41.686,-71.284,41.9633,-71.5484,50752
41.9633,-71.5484,41.7528,-71.4717,30365
41.686,-71.284,41.9611,-71.6965,66236
41.9611,-71.6965,41.7528,-71.4717,43345
41.686,-71.284,41.9728,-71.7465,70545
41.9728,-71.7465,41.7528,-71.4717,41936
41.686,-71.284,41.9693,-71.6421,59946
41.9693,-71.6421,41.7528,-71.4717,37055
41.686,-71.284,41.8934,-71.7336,60798
41.8934,-71.7336,41.7528,-71.4717,36593
41.686,-71.284,41.8934,-71.6269,51547
41.8934,-71.6269,41.7528,-71.4717,27023
41.686,-71.284,41.7908,-71.5791,44864
41.7908,-71.5791,41.7528,-71.4717,15629
41.686,-71.284,41.7933,-71.6385,49692
41.7933,-71.6385,41.7528,-71.4717,20458
41.686,-71.284,41.7706,-71.3882,29928
41.7706,-71.3882,41.7528,-71.4717,10787
41.686,-71.284,41.7688,-71.4183,31042
41.7688,-71.4183,41.7528,-71.4717,9223
41.686,-71.284,41.7787,-71.4291,31280
41.7787,-71.4291,41.7528,-71.4717,6761
41.686,-71.284,41.7755,-71.4427,32283
41.7755,-71.4427,41.7528,-71.4717,5714
41.686,-71.284,41.7666,-71.4384,32979
41.7666,-71.4384,41.7528,-71.4717,5695
41.686,-71.284,41.7593,-71.4507,36893
41.7593,-71.4507,41.7528,-71.4717,3251
41.686,-71.284,41.7831,-71.4449,31591
41.7831,-71.4449,41.7528,-71.4717,5584
41.686,-71.284,41.7422,-71.462,35948
41.7422,-71.462,41.7528,-71.4717,1966
41.686,-71.284,41.7728,-71.4623,39212
41.7728,-71.4623,41.7528,-71.4717,3676
41.7528,-71.4717,41.7528,-71.4717,0
41.686,-71.284,41.766,-71.5038,40519
41.7528,-71.4717,41.766,-71.5038,5401
41.686,-71.284,41.7708,-71.4797,39979
41.7528,-71.4717,41.7708,-71.4797,3353
41.686,-71.284,41.7575,-71.5264,41764
41.7528,-71.4717,41.7575,-71.5264,6017
41.686,-71.284,41.7866,-71.4863,35129
41.7528,-71.4717,41.7866,-71.4863,6229
41.686,-71.284,41.8756,-71.4137,33084
41.7528,-71.4717,41.8756,-71.4137,20536
41.686,-71.284,41.8776,-71.3995,33242
41.7528,-71.4717,41.8776,-71.3995,20694
41.686,-71.284,41.8794,-71.3856,35086
41.7528,-71.4717,41.8794,-71.3856,22539
41.686,-71.284,41.8874,-71.3718,35832
41.7528,-71.4717,41.8874,-71.3718,23284
41.686,-71.284,41.8924,-71.3639,37714
41.7528,-71.4717,41.8924,-71.3639,25167
41.686,-71.284,41.8889,-71.3594,36674
41.7528,-71.4717,41.8889,-71.3594,24127
41.686,-71.284,41.8935,-71.3468,31094
41.7528,-71.4717,41.8935,-71.3468,28506
41.686,-71.284,41.7988,-71.41,26982
41.7528,-71.4717,41.7988,-71.41,11535
41.686,-71.284,41.8087,-71.404,27447
41.7528,-71.4717,41.8087,-71.404,12492
41.686,-71.284,41.8137,-71.4172,25941
41.7528,-71.4717,41.8137,-71.4172,13416
41.686,-71.284,41.8244,-71.4137,27854
41.7528,-71.4717,41.8244,-71.4137,15306
41.686,-71.284,41.8193,-71.4348,27831
41.7528,-71.4717,41.8193,-71.4348,13384
41.686,-71.284,41.8196,-71.4255,26980
41.7528,-71.4717,41.8196,-71.4255,14353
41.686,-71.284,41.8136,-71.4259,27019
41.7528,-71.4717,41.8136,-71.4259,14488
41.686,-71.284,41.8128,-71.4359,30678
41.7528,-71.4717,41.8128,-71.4359,13026
41.686,-71.284,41.8064,-71.4345,30492
41.7528,-71.4717,41.8064,-71.4345,12289
41.686,-71.284,41.8118,-71.4474,30388
41.7528,-71.4717,41.8118,-71.4474,13140
41.686,-71.284,41.8087,-71.4584,31391
41.7528,-71.4717,41.8087,-71.4584,7401
41.686,-71.284,41.8165,-71.4614,31631
41.7528,-71.4717,41.8165,-71.4614,8551
41.686,-71.284,41.8214,-71.4451,31109
41.7528,-71.4717,41.8214,-71.4451,13474
41.686,-71.284,41.831,-71.463,32967
41.7528,-71.4717,41.831,-71.463,15718
41.686,-71.284,41.8287,-71.4499,30708
41.7528,-71.4717,41.8287,-71.4499,15036
41.686,-71.284,41.8299,-71.4376,29642
41.7528,-71.4717,41.8299,-71.4376,14380
41.686,-71.284,41.8375,-71.4377,30559
41.7528,-71.4717,41.8375,-71.4377,16229
41.686,-71.284,41.8432,-71.4502,31689
41.7528,-71.4717,41.8432,-71.4502,17361
41.686,-71.284,41.8368,-71.4222,29019
41.7528,-71.4717,41.8368,-71.4222,16471
41.686,-71.284,41.8448,-71.4261,30207
41.7528,-71.4717,41.8448,-71.4261,17659
41.686,-71.284,41.8541,-71.4355,31418
41.7528,-71.4717,41.8541,-71.4355,18871
41.686,-71.284,41.8513,-71.418,30348
41.7528,-71.4717,41.8513,-71.418,17801
41.686,-71.284,41.8371,-71.4085,30641
41.7528,-71.4717,41.8371,-71.4085,18093
41.686,-71.284,41.8512,-71.4013,31669
41.7528,-71.4717,41.8512,-71.4013,19122
41.686,-71.284,41.8447,-71.3841,26892
41.7528,-71.4717,41.8447,-71.3841,17315
41.686,-71.284,41.8286,-71.3968,26826
41.7528,-71.4717,41.8286,-71.3968,15612
41.686,-71.284,41.8288,-71.4042,26183
41.7528,-71.4717,41.8288,-71.4042,16001
41.686,-71.284,41.8183,-71.3951,23827
41.7528,-71.4717,41.8183,-71.3951,16234
41.686,-71.284,41.848,-71.3632,25806
41.7528,-71.4717,41.848,-71.3632,19291
41.686,-71.284,41.8443,-71.3467,24343
41.7528,-71.4717,41.8443,-71.3467,20747
41.686,-71.284,41.8199,-71.3543,23172
41.7528,-71.4717,41.8199,-71.3543,17849
41.686,-71.284,41.8019,-71.3507,18541
41.7528,-71.4717,41.8019,-71.3507,18428
41.686,-71.284,41.7871,-71.3544,17720
41.7528,-71.4717,41.7871,-71.3544,20211
41.686,-71.284,41.7597,-71.3656,14390
41.7528,-71.4717,41.7597,-71.3656,22933
41.686,-71.284,41.7628,-71.347,13680
41.7528,-71.4717,41.7628,-71.347,23046
41.686,-71.284,41.8863,-71.3872,36687
41.7528,-71.4717,41.8863,-71.3872,24139
41.686,-71.284,41.8944,-71.3886,37200
41.7528,-71.4717,41.8944,-71.3886,24652
41.686,-71.284,41.8913,-71.3973,34990
41.7528,-71.4717,41.8913,-71.3973,22443
41.686,-71.284,41.9087,-71.3908,38975
41.7528,-71.4717,41.9087,-71.3908,26427
41.686,-71.284,41.9303,-71.413,40785
41.7528,-71.4717,41.9303,-71.413,37816
41.686,-71.284,41.9336,-71.3907,45297
41.7528,-71.4717,41.9336,-71.3907,38010
41.686,-71.284,41.9612,-71.4114,50286
41.7528,-71.4717,41.9612,-71.4114,36005
41.686,-71.284,41.9966,-71.4239,54485
41.7528,-71.4717,41.9966,-71.4239,40204
41.686,-71.284,41.9709,-71.4612,47199
41.7528,-71.4717,41.9709,-71.4612,33239
41.686,-71.284,41.9525,-71.4694,43941
41.7528,-71.4717,41.9525,-71.4694,32812
41.686,-71.284,41.4462,-71.4877,51381
41.7528,-71.4717,41.4462,-71.4877,39474
41.686,-71.284,41.3897,-71.5584,60930
41.7528,-71.4717,41.3897,-71.5584,49022
41.686,-71.284,41.4141,-71.5664,62697
41.7528,-71.4717,41.4141,-71.5664,50790
41.686,-71.284,41.4779,-71.4806,48204
41.7528,-71.4717,41.4779,-71.4806,36296
41.686,-71.284,41.4717,-71.5664,53882
41.7528,-71.4717,41.4717,-71.5664,38566
41.686,-71.284,41.4758,-71.4362,43021
41.7528,-71.4717,41.4758,-71.4362,35912
41.686,-71.284,41.4224,-71.4666,54062
41.7528,-71.4717,41.4224,-71.4666,42154
41.686,-71.284,41.3944,-71.4934,57009
41.7528,-71.4717,41.3944,-71.4934,45101
41.686,-71.284,41.2269,-71.5696,90937
41.7528,-71.4717,41.2269,-71.5696,79029
41.686,-71.284,41.6731,-71.5156,47472
41.7528,-71.4717,41.6731,-71.5156,11401
41.686,-71.284,41.8867,-71.4017,34248
41.7528,-71.4717,41.8867,-71.4017,21700
41.686,-71.284,41.8657,-71.4108,32186
41.7528,-71.4717,41.8657,-71.4108,19638
41.686,-71.284,41.7891,-71.7357,60294
41.7528,-71.4717,41.7891,-71.7357,30401
41.686,-71.284,41.8832,-71.3594,36643
41.7528,-71.4717,41.8832,-71.3594,24095
41.686,-71.284,41.883,-71.3757,35222
41.7528,-71.4717,41.883,-71.3757,22674
41.686,-71.284,41.8733,-71.3931,33173
41.7528,-71.4717,41.8733,-71.3931,20625
41.686,-71.284,41.8634,-71.399,33540
41.7528,-71.4717,41.8634,-71.399,20992
41.686,-71.284,41.8609,-71.3901,32971
41.7528,-71.4717,41.8609,-71.3901,20423
41.686,-71.284,41.8647,-71.3829,34721
41.7528,-71.4717,41.8647,-71.3829,22174
41.686,-71.284,41.8722,-71.3781,34960
41.7528,-71.4717,41.8722,-71.3781,22413
41.686,-71.284,41.875,-71.3597,28443
41.7528,-71.4717,41.875,-71.3597,23900
41.686,-71.284,41.864,-71.3542,26525
41.7528,-71.4717,41.864,-71.3542,25516
41.686,-71.284,41.8673,-71.37,27518
41.7528,-71.4717,41.8673,-71.37,23976
41.686,-71.284,42.0109,-71.5211,51008
41.7528,-71.4717,42.0109,-71.5211,38019
41.686,-71.284,42.0029,-71.5305,49999
41.7528,-71.4717,42.0029,-71.5305,36045
41.686,-71.284,41.9965,-71.519,48683
41.7528,-71.4717,41.9965,-71.519,34729
41.686,-71.284,41.9882,-71.5019,49208
41.7528,-71.4717,41.9882,-71.5019,35253
41.686,-71.284,41.9969,-71.5077,48981
41.7528,-71.4717,41.9969,-71.5077,35585
41.686,-71.284,42.0019,-71.5049,49530
41.7528,-71.4717,42.0019,-71.5049,35571
41.686,-71.284,42.0058,-71.5114,50636
41.7528,-71.4717,42.0058,-71.5114,36677
41.686,-71.284,42.0111,-71.4958,50016
41.7528,-71.4717,42.0111,-71.4958,36056
41.686,-71.284,42.0065,-71.496,49779
41.7528,-71.4717,42.0065,-71.496,35820
41.686,-71.284,42.0108,-71.4747,49673
41.7528,-71.4717,42.0108,-71.4747,35713
41.686,-71.284,41.9958,-71.4838,47860
41.7528,-71.4717,41.9958,-71.4838,33901
41.686,-71.284,41.1779,-71.5785,86796
41.7528,-71.4717,41.1779,-71.5785,74889
41.686,-71.284,41.5943,-71.4726,54394
41.7528,-71.4717,41.5943,-71.4726,21926
41.686,-71.284,41.6086,-71.4412,53744
41.7528,-71.4717,41.6086,-71.4412,21276
41.686,-71.284,41.5743,-71.4873,55363
41.7528,-71.4717,41.5743,-71.4873,22896
41.686,-71.284,41.5619,-71.4543,42008
41.7528,-71.4717,41.5619,-71.4543,27774
41.686,-71.284,41.5301,-71.4925,45708
41.7528,-71.4717,41.5301,-71.4925,28852
41.686,-71.284,41.5264,-71.4413,40153
41.7528,-71.4717,41.5264,-71.4413,31792
41.686,-71.284,41.5658,-71.6312,70312
41.7528,-71.4717,41.5658,-71.6312,37845
41.686,-71.284,41.4983,-71.6608,74522
41.7528,-71.4717,41.4983,-71.6608,42054
41.686,-71.284,41.4781,-71.7538,78404
41.7528,-71.4717,41.4781,-71.7538,45937
41.686,-71.284,41.3559,-71.8239,96343
41.7528,-71.4717,41.3559,-71.8239,63875
41.686,-71.284,41.3844,-71.8026,90311
41.7528,-71.4717,41.3844,-71.8026,57843
41.686,-71.284,41.3656,-71.7655,94134
41.7528,-71.4717,41.3656,-71.7655,61666
41.686,-71.284,41.3297,-71.796,82167
41.7528,-71.4717,41.3297,-71.796,66190
41.686,-71.284,41.3932,-71.6847,72081
41.7528,-71.4717,41.3932,-71.6847,57209
41.686,-71.284,41.4101,-71.6251,69395
41.7528,-71.4717,41.4101,-71.6251,47616
41.7438,-71.3442,41.9633,-71.5484,42148
41.7438,-71.3442,41.4988,-71.3069,34790
41.75,-71.3215,41.9633,-71.5484,40975
41.75,-71.3215,41.4988,-71.3069,32690
41.7557,-71.3023,41.9633,-71.5484,41571
41.7557,-71.3023,41.4988,-71.3069,32315
41.7187,-71.2744,41.9633,-71.5484,47716
41.7187,-71.2744,41.4988,-71.3069,27015
41.7246,-71.5254,41.9633,-71.5484,33753
41.7246,-71.5254,41.4988,-71.3069,43995
41.6913,-71.7422,41.9633,-71.5484,44911
41.6913,-71.7422,41.4988,-71.3069,53128
41.6546,-71.4571,41.9633,-71.5484,42056
41.6546,-71.4571,41.4988,-71.3069,33661
41.7466,-71.4135,41.9633,-71.5484,33958
41.7466,-71.4135,41.4988,-71.3069,47352
41.681,-71.3811,41.9633,-71.5484,42361
41.681,-71.3811,41.4988,-71.3069,48307
41.6937,-71.4206,41.9633,-71.5484,39700
41.6937,-71.4206,41.4988,-71.3069,42720
41.632,-71.2348,41.9633,-71.5484,65600
41.632,-71.2348,41.4988,-71.3069,19777
41.5343,-71.2843,41.9633,-71.5484,78873
41.5343,-71.2843,41.4988,-71.3069,6066
41.4816,-71.3038,41.9633,-71.5484,72784
41.4816,-71.3038,41.4988,-71.3069,2280
41.5147,-71.323,41.9633,-71.5484,71545
41.5147,-71.323,41.4988,-71.3069,3412
41.7928,-71.3886,41.9633,-71.5484,29609
41.7928,-71.3886,41.4988,-71.3069,53018
41.8058,-71.4159,41.9633,-71.5484,26959
41.8058,-71.4159,41.4988,-71.3069,53566
41.8238,-71.426,41.9633,-71.5484,24975
41.8238,-71.426,41.4988,-71.3069,54943
41.7933,-71.4317,41.9633,-71.5484,30949
41.7933,-71.4317,41.4988,-71.3069,49527
41.8355,-71.4487,41.9633,-71.5484,18749
41.8355,-71.4487,41.4988,-71.3069,54964
41.8294,-71.4268,41.9633,-71.5484,25618
41.8294,-71.4268,41.4988,-71.3069,53917
41.8441,-71.3988,41.9633,-71.5484,23796
41.8441,-71.3988,41.4988,-71.3069,57777
41.8298,-71.3843,41.9633,-71.5484,29225
41.8298,-71.3843,41.4988,-71.3069,54898
41.8088,-71.3791,41.9633,-71.5484,30020
41.8088,-71.3791,41.4988,-71.3069,55694
41.7738,-71.3403,41.9633,-71.5484,39957
41.7738,-71.3403,41.4988,-71.3069,37673
41.9084,-71.4154,41.9633,-71.5484,16717
41.9084,-71.4154,41.4988,-71.3069,67072
41.8605,-71.4474,41.9633,-71.5484,15935
41.8605,-71.4474,41.4988,-71.3069,59177
41.8626,-71.473,41.9633,-71.5484,14851
41.8626,-71.473,41.4988,-71.3069,63141
41.8283,-71.5376,41.9633,-71.5484,20519
41.8283,-71.5376,41.4988,-71.3069,54822
41.7221,-71.371,41.9633,-71.5484,38758
41.7221,-71.371,41.4988,-71.3069,50175
41.7005,-71.375,41.9633,-71.5484,40674
41.7005,-71.375,41.4988,-71.3069,46642
41.6951,-71.4001,41.9633,-71.5484,42087
41.6951,-71.4001,41.4988,-71.3069,45107
41.7089,-71.3958,41.9633,-71.5484,38630
41.7089,-71.3958,41.4988,-71.3069,45292
41.7073,-71.4416,41.9633,-71.5484,36482
41.7073,-71.4416,41.4988,-71.3069,42703
41.7109,-71.4233,41.9633,-71.5484,38459
41.7109,-71.4233,41.4988,-71.3069,44680
41.6905,-71.4461,41.9633,-71.5484,37565
41.6905,-71.4461,41.4988,-71.3069,40585
41.7153,-71.4634,41.9633,-71.5484,34280
41.7153,-71.4634,41.4988,-71.3069,40501
41.6783,-71.467,41.9633,-71.5484,38949
41.6783,-71.467,41.4988,-71.3069,37808
41.6871,-71.4882,41.9633,-71.5484,38614
41.6871,-71.4882,41.4988,-71.3069,39675
41.7154,-71.4875,41.9633,-71.5484,32834
41.7154,-71.4875,41.4988,-71.3069,40386
41.6527,-71.4379,41.9633,-71.5484,44906
41.6527,-71.4379,41.4988,-71.3069,35250
41.7228,-71.4286,41.9633,-71.5484,38528
41.7438,-71.3442,41.8919,-71.4256,29657
41.7438,-71.3442,41.8298,-71.3843,16280
41.75,-71.3215,41.8919,-71.4256,28483
41.75,-71.3215,41.8298,-71.3843,15107
41.7557,-71.3023,41.8919,-71.4256,29079
41.7557,-71.3023,41.8298,-71.3843,15703
41.7187,-71.2744,41.8919,-71.4256,35224
41.7187,-71.2744,41.8298,-71.3843,21847
41.7246,-71.5254,41.8919,-71.4256,32272
41.7246,-71.5254,41.8298,-71.3843,21965
41.6913,-71.7422,41.8919,-71.4256,59795
41.6913,-71.7422,41.8298,-71.3843,49488
41.6546,-71.4571,41.8919,-71.4256,36173
41.6546,-71.4571,41.8298,-71.3843,25866
41.7466,-71.4135,41.8919,-71.4256,25244
41.7466,-71.4135,41.8298,-71.3843,14937
41.681,-71.3811,41.8919,-71.4256,33646
41.681,-71.3811,41.8298,-71.3843,23339
41.6937,-71.4206,41.8919,-71.4256,30898
41.6937,-71.4206,41.8298,-71.3843,20591
41.632,-71.2348,41.8919,-71.4256,53109
41.632,-71.2348,41.8298,-71.3843,39732
41.5343,-71.2843,41.8919,-71.4256,66381
41.5343,-71.2843,41.8298,-71.3843,53004
41.4816,-71.3038,41.8919,-71.4256,66902
41.4816,-71.3038,41.8298,-71.3843,56595
41.5147,-71.323,41.8919,-71.4256,65663
41.5147,-71.323,41.8298,-71.3843,55356
41.7928,-71.3886,41.8919,-71.4256,17118
41.7928,-71.3886,41.8298,-71.3843,6811
41.8058,-71.4159,41.8919,-71.4256,14468
41.8058,-71.4159,41.8298,-71.3843,5196
41.8238,-71.426,41.8919,-71.4256,12483
41.8238,-71.426,41.8298,-71.3843,6596
41.7933,-71.4317,41.8919,-71.4256,18458
41.7933,-71.4317,41.8298,-71.3843,10020
41.8355,-71.4487,41.8919,-71.4256,12682
41.8355,-71.4487,41.8298,-71.3843,7130
41.8294,-71.4268,41.8919,-71.4256,13126
41.8294,-71.4268,41.8298,-71.3843,6712
41.8441,-71.3988,41.8919,-71.4256,11305
41.8441,-71.3988,41.8298,-71.3843,3051
41.8298,-71.3843,41.8919,-71.4256,16734
41.8298,-71.3843,41.8919,-71.4256,0
41.8088,-71.3791,41.8919,-71.4256,17529
41.8298,-71.3843,41.8088,-71.3791,4817
41.7738,-71.3403,41.8919,-71.4256,27465
41.8298,-71.3843,41.7738,-71.3403,14089
41.9084,-71.4154,41.8919,-71.4256,6001
41.8298,-71.3843,41.9084,-71.4154,11434
41.8605,-71.4474,41.8919,-71.4256,8112
41.8298,-71.3843,41.8605,-71.4474,10830
41.8626,-71.473,41.8919,-71.4256,9274
41.8298,-71.3843,41.8626,-71.473,14464
41.8283,-71.5376,41.8919,-71.4256,23947
41.8298,-71.3843,41.8283,-71.5376,17532
41.7221,-71.371,41.8919,-71.4256,30044
41.8298,-71.3843,41.7221,-71.371,19737
41.7005,-71.375,41.8919,-71.4256,31960
41.8298,-71.3843,41.7005,-71.375,21653
41.6951,-71.4001,41.8919,-71.4256,32516
41.8298,-71.3843,41.6951,-71.4001,22209
41.7089,-71.3958,41.8919,-71.4256,29915
41.8298,-71.3843,41.7089,-71.3958,19608
41.7073,-71.4416,41.8919,-71.4256,28136
41.8298,-71.3843,41.7073,-71.4416,17829
41.7109,-71.4233,41.8919,-71.4256,30113
41.8298,-71.3843,41.7109,-71.4233,19806
41.6905,-71.4461,41.8919,-71.4256,31682
41.8298,-71.3843,41.6905,-71.4461,21375
41.7153,-71.4634,41.8919,-71.4256,27010
41.8298,-71.3843,41.7153,-71.4634,16703
41.6783,-71.467,41.8919,-71.4256,33066
41.8298,-71.3843,41.6783,-71.467,22759
41.6871,-71.4882,41.8919,-71.4256,32731
41.8298,-71.3843,41.6871,-71.4882,22424
41.7154,-71.4875,41.8919,-71.4256,28664
41.8298,-71.3843,41.7154,-71.4875,18357
41.6527,-71.4379,41.8919,-71.4256,39024
41.8298,-71.3843,41.6527,-71.4379,28717
41.7228,-71.4286,41.8919,-71.4256,30182
41.8298,-71.3843,41.7228,-71.4286,19875
41.5601,-71.2458,41.8919,-71.4256,62786
41.8298,-71.3843,41.5601,-71.2458,49409
41.5977,-71.2941,41.8919,-71.4256,62736
41.8298,-71.3843,41.5977,-71.2941,49360
41.532,-71.3083,41.8919,-71.4256,67719
41.8298,-71.3843,41.532,-71.3083,54343
41.5112,-71.2983,41.8919,-71.4256,66021
41.8298,-71.3843,41.5112,-71.2983,55268
41.5435,-71.2992,41.8919,-71.4256,65255
41.8298,-71.3843,41.5435,-71.2992,51878
41.5064,-71.2641,41.8919,-71.4256,69085
41.8298,-71.3843,41.5064,-71.2641,55708
41.5075,-71.3127,41.8919,-71.4256,65410
41.8298,-71.3843,41.5075,-71.3127,55102
41.4988,-71.3069,41.8919,-71.4256,65391
41.4924,-71.299,41.8919,-71.4256,66328
41.8298,-71.3843,41.4924,-71.299,56021
41.4635,-71.3295,41.8919,-71.4256,69903
41.8298,-71.3843,41.4635,-71.3295,59596
41.4823,-71.3148,41.8919,-71.4256,66471
41.8298,-71.3843,41.4823,-71.3148,56164
41.4933,-71.3274,41.8919,-71.4256,65821
41.8298,-71.3843,41.4933,-71.3274,55514
41.5139,-71.3773,41.8919,-71.4256,58072
41.8298,-71.3843,41.5139,-71.3773,47765
41.5157,-71.1649,41.8919,-71.4256,64471
41.8298,-71.3843,41.5157,-71.1649,51094
41.6667,-71.1889,41.8919,-71.4256,44371
41.8298,-71.3843,41.6667,-71.1889,30995
41.6406,-71.1996,41.8919,-71.4256,49852
41.8298,-71.3843,41.6406,-71.1996,36476
41.643,-71.1629,41.8919,-71.4256,50398
41.8298,-71.3843,41.643,-71.1629,37021
41.5872,-71.1724,41.8919,-71.4256,57341
41.8298,-71.3843,41.5872,-71.1724,43964
41.8298,-71.3843,41.5398,-71.3155,54271
41.784,-71.4123,41.8919,-71.4256,19715
41.8298,-71.3843,41.784,-71.4123,9408
41.7945,-71.4192,41.8919,-71.4256,16950
41.8298,-71.3843,41.7945,-71.4192,6643
41.8036,-71.4246,41.8919,-71.4256,14556
41.8298,-71.3843,41.8036,-71.4246,6287
41.8514,-71.5001,41.8919,-71.4256,23180
41.8298,-71.3843,41.8514,-71.5001,17237
41.8266,-71.485,41.8919,-71.4256,19383
41.8298,-71.3843,41.8266,-71.485,12969
41.8118,-71.4798,41.8919,-71.4256,19542
41.8298,-71.3843,41.8118,-71.4798,13128
41.9129,-71.5262,41.8919,-71.4256,12924
41.8298,-71.3843,41.9129,-71.5262,27659
41.9846,-71.5335,41.8919,-71.4256,17611
41.8298,-71.3843,41.9846,-71.5335,27532
41.7811,-71.3959,41.8919,-71.4256,17975
41.8298,-71.3843,41.7811,-71.3959,7668
41.797,-71.4446,41.8919,-71.4256,20864
41.8298,-71.3843,41.797,-71.4446,10557
41.7934,-71.462,41.8919,-71.4256,18589
41.8298,-71.3843,41.7934,-71.462,12744
41.8901,-71.3759,41.8919,-71.4256,18169
41.8298,-71.3843,41.8901,-71.3759,7830
41.883,-71.3465,41.8919,-71.4256,20273
41.8298,-71.3843,41.883,-71.3465,10400
41.8702,-71.3449,41.8919,-71.4256,20563
41.8298,-71.3843,41.8702,-71.3449,10027
41.9906,-71.5233,41.8919,-71.4256,16734
41.8298,-71.3843,41.9906,-71.5233,26654
42.0141,-71.5041,41.8919,-71.4256,18944
41.8298,-71.3843,42.0141,-71.5041,28864
41.6347,-71.4325,41.8919,-71.4256,39692
41.8298,-71.3843,41.6347,-71.4325,29385
41.3838,-71.8265,41.8919,-71.4256,80180
41.8298,-71.3843,41.3838,-71.8265,69873
41.4522,-71.507,41.8919,-71.4256,62421
41.8298,-71.3843,41.4522,-71.507,52114
41.4913,-71.5311,41.8919,-71.4256,57897
41.8298,-71.3843,41.4913,-71.5311,47590
41.606,-71.4092,41.8919,-71.4256,45181
41.8298,-71.3843,41.606,-71.4092,34874
41.7261,-71.3081,41.8919,-71.4256,30879
41.8298,-71.3843,41.7261,-71.3081,17502
41.7313,-71.2811,41.8919,-71.4256,33611
41.8298,-71.3843,41.7313,-71.2811,20234
41.7305,-71.2569,41.8919,-71.4256,33906
41.8298,-71.3843,41.7305,-71.2569,20529
41.6724,-71.274,41.8919,-71.4256,40554
41.8298,-71.3843,41.6724,-71.274,27178
41.6627,-71.2582,41.8919,-71.4256,40665
41.8298,-71.3843,41.6627,-71.2582,27288
41.6937,-71.253,41.8919,-71.4256,38205
41.8298,-71.3843,41.6937,-71.253,24828
41.6895,-71.5145,41.8919,-71.4256,33762
41.8298,-71.3843,41.6895,-71.5145,23455
41.7026,-71.5205,41.8919,-71.4256,34465
41.8298,-71.3843,41.7026,-71.5205,24158
41.7091,-71.5283,41.8919,-71.4256,33100
41.8298,-71.3843,41.7091,-71.5283,22793
41.7231,-71.5029,41.8919,-71.4256,30594
41.8298,-71.3843,41.7231,-71.5029,20287
41.716,-71.5539,41.8919,-71.4256,35700
41.8298,-71.3843,41.716,-71.5539,25393
41.6913,-71.5741,41.8919,-71.4256,48512
41.8298,-71.3843,41.6913,-71.5741,38205
41.6714,-71.5581,41.8919,-71.4256,40002
41.8298,-71.3843,41.6714,-71.5581,29695
41.6945,-71.5446,41.8919,-71.4256,36345
41.8298,-71.3843,41.6945,-71.5446,26038
41.6907,-71.6576,41.8919,-71.4256,51183
41.8298,-71.3843,41.6907,-71.6576,40876
41.7027,-71.6044,41.8919,-71.4256,48559
41.8298,-71.3843,41.7027,-71.6044,38252
41.6292,-71.667,41.8919,-71.4256,50862
41.8298,-71.3843,41.6292,-71.667,40555
41.6328,-71.5175,41.8919,-71.4256,40163
41.8298,-71.3843,41.6328,-71.5175,29856
41.6419,-71.4788,41.8919,-71.4256,36507
41.8298,-71.3843,41.6419,-71.4788,26200
41.7592,-71.4128,41.8919,-71.4256,22962
41.8298,-71.3843,41.7592,-71.4128,12655
41.7572,-71.3937,41.8919,-71.4256,20593
41.8298,-71.3843,41.7572,-71.3937,10286
41.7438,-71.4324,41.8919,-71.4256,22677
41.8298,-71.3843,41.7438,-71.4324,12370
41.7396,-71.3879,41.8919,-71.4256,25777
41.8298,-71.3843,41.7396,-71.3879,15470
41.722,-71.4099,41.8919,-71.4256,28204
41.8298,-71.3843,41.722,-71.4099,17897
41.7248,-71.3958,41.8919,-71.4256,28668
41.8298,-71.3843,41.7248,-71.3958,18361
41.8919,-71.4256,41.7248,-71.3958,0
41.8919,-71.4256,41.8689,-71.429,6896
41.8298,-71.3843,41.8689,-71.429,10765
41.8919,-71.4256,41.8691,-71.4552,8816
41.8298,-71.3843,41.8691,-71.4552,13316
41.8919,-71.4256,41.8523,-71.4627,10551
41.8298,-71.3843,41.8523,-71.4627,8445
41.8919,-71.4256,41.847,-71.4756,12504
41.8298,-71.3843,41.847,-71.4756,9590
41.8919,-71.4256,41.864,-71.482,9968
41.8298,-71.3843,41.864,-71.482,15272
41.8919,-71.4256,41.7978,-71.5035,22071
41.8298,-71.3843,41.7978,-71.5035,15657
41.8919,-71.4256,41.8962,-71.4955,9040
41.8298,-71.3843,41.8962,-71.4955,19350
41.8919,-71.4256,41.9042,-71.5638,17525
41.8298,-71.3843,41.9042,-71.5638,28872
41.8919,-71.4256,41.8688,-71.5561,24146
41.8298,-71.3843,41.8688,-71.5561,23407
41.8919,-71.4256,42.0049,-71.5708,20633
41.8298,-71.3843,42.0049,-71.5708,30553
41.8919,-71.4256,41.9633,-71.5484,19293
41.8919,-71.4256,41.9611,-71.6965,34776
41.8298,-71.3843,41.9611,-71.6965,44696
41.8919,-71.4256,41.9728,-71.7465,39086
41.8298,-71.3843,41.9728,-71.7465,49006
41.8919,-71.4256,41.9693,-71.6421,28487
41.8298,-71.3843,41.9693,-71.6421,38407
41.8919,-71.4256,41.8934,-71.7336,42012
41.8298,-71.3843,41.8934,-71.7336,39258
41.8919,-71.4256,41.8934,-71.6269,30746
41.8298,-71.3843,41.8934,-71.6269,30007
41.8919,-71.4256,41.7908,-71.5791,29739
41.8298,-71.3843,41.7908,-71.5791,23324
41.8919,-71.4256,41.7933,-71.6385,34567
41.8298,-71.3843,41.7933,-71.6385,28153
41.8919,-71.4256,41.7706,-71.3882,18696
41.8298,-71.3843,41.7706,-71.3882,8389
41.8919,-71.4256,41.7688,-71.4183,19810
41.8298,-71.3843,41.7688,-71.4183,9503
41.8919,-71.4256,41.7787,-71.4291,18809
41.8298,-71.3843,41.7787,-71.4291,9741
41.8919,-71.4256,41.7755,-71.4427,19483
41.8298,-71.3843,41.7755,-71.4427,10744
41.8919,-71.4256,41.7666,-71.4384,20208
41.8298,-71.3843,41.7666,-71.4384,11440
41.8919,-71.4256,41.7593,-71.4507,25660
41.8298,-71.3843,41.7593,-71.4507,15353
41.8919,-71.4256,41.7831,-71.4449,20359
41.8298,-71.3843,41.7831,-71.4449,10052
41.8919,-71.4256,41.7422,-71.462,24716
41.8298,-71.3843,41.7422,-71.462,14409
41.8919,-71.4256,41.7728,-71.4623,27980
41.8298,-71.3843,41.7728,-71.4623,17673
41.8919,-71.4256,41.766,-71.5038,29287
41.8298,-71.3843,41.766,-71.5038,18980
41.8919,-71.4256,41.7708,-71.4797,28746
41.8298,-71.3843,41.7708,-71.4797,18439
41.8919,-71.4256,41.7575,-71.5264,30531
41.8298,-71.3843,41.7575,-71.5264,20224
41.8919,-71.4256,41.7866,-71.4863,20004
41.8298,-71.3843,41.7866,-71.4863,13589
41.8919,-71.4256,41.8756,-71.4137,7344
41.8298,-71.3843,41.8756,-71.4137,7203
41.8919,-71.4256,41.8776,-71.3995,8362
41.8298,-71.3843,41.8776,-71.3995,6276
41.8919,-71.4256,41.8794,-71.3856,9730
41.8298,-71.3843,41.8794,-71.3856,5861
41.8919,-71.4256,41.8874,-71.3718,17801
41.8298,-71.3843,41.8874,-71.3718,7461
41.8919,-71.4256,41.8924,-71.3639,11115
41.8298,-71.3843,41.8924,-71.3639,9343
41.8919,-71.4256,41.8889,-71.3594,18643
41.8298,-71.3843,41.8889,-71.3594,8303
41.8919,-71.4256,41.8935,-71.3468,23023
41.8298,-71.3843,41.8935,-71.3468,11789
41.8919,-71.4256,41.7988,-71.41,15749
41.8298,-71.3843,41.7988,-71.41,5442
41.8919,-71.4256,41.8087,-71.404,16214
41.8298,-71.3843,41.8087,-71.404,3913
41.8919,-71.4256,41.8137,-71.4172,13673
41.8298,-71.3843,41.8137,-71.4172,4401
41.8919,-71.4256,41.8244,-71.4137,12175
41.8298,-71.3843,41.8244,-71.4137,2808
41.8919,-71.4256,41.8193,-71.4348,13394
41.8298,-71.3843,41.8193,-71.4348,6292
41.8919,-71.4256,41.8196,-71.4255,12671
41.8298,-71.3843,41.8196,-71.4255,5440
41.8919,-71.4256,41.8136,-71.4259,13749
41.8298,-71.3843,41.8136,-71.4259,5479
41.8919,-71.4256,41.8128,-71.4359,15553
41.8298,-71.3843,41.8128,-71.4359,9138
41.8919,-71.4256,41.8064,-71.4345,15367
41.8298,-71.3843,41.8064,-71.4345,8952
41.8919,-71.4256,41.8118,-71.4474,15263
41.8298,-71.3843,41.8118,-71.4474,8849
41.8919,-71.4256,41.8087,-71.4584,16266
41.8298,-71.3843,41.8087,-71.4584,9852
41.8919,-71.4256,41.8165,-71.4614,16506
41.8298,-71.3843,41.8165,-71.4614,10092
41.8919,-71.4256,41.8214,-71.4451,15984
41.8298,-71.3843,41.8214,-71.4451,9570
41.8919,-71.4256,41.831,-71.463,17841
41.8298,-71.3843,41.831,-71.463,11427
41.8919,-71.4256,41.8287,-71.4499,13347
41.8298,-71.3843,41.8287,-71.4499,7451
41.8919,-71.4256,41.8299,-71.4376,14517
41.8298,-71.3843,41.8299,-71.4376,6021
41.8919,-71.4256,41.8375,-71.4377,11341
41.8298,-71.3843,41.8375,-71.4377,5953
41.8919,-71.4256,41.8432,-71.4502,11616
41.8298,-71.3843,41.8432,-71.4502,7085
41.8919,-71.4256,41.8368,-71.4222,10584
41.8298,-71.3843,41.8368,-71.4222,7480
41.8919,-71.4256,41.8448,-71.4261,10853
41.8298,-71.3843,41.8448,-71.4261,5201
41.8919,-71.4256,41.8541,-71.4355,9545
41.8298,-71.3843,41.8541,-71.4355,9879
41.8919,-71.4256,41.8513,-71.418,9270
41.8298,-71.3843,41.8513,-71.418,5966
41.8919,-71.4256,41.8371,-71.4085,11137
41.8298,-71.3843,41.8371,-71.4085,3182
41.8919,-71.4256,41.8512,-71.4013,11490
41.8298,-71.3843,41.8512,-71.4013,3399
41.8919,-71.4256,41.8447,-71.3841,12763
41.8298,-71.3843,41.8447,-71.3841,1830
41.8919,-71.4256,41.8286,-71.3968,12630
41.8298,-71.3843,41.8286,-71.3968,1428
41.8919,-71.4256,41.8288,-71.4042,12151
41.8298,-71.3843,41.8288,-71.4042,2049
41.8919,-71.4256,41.8183,-71.3951,17425
41.8298,-71.3843,41.8183,-71.3951,4681
41.8919,-71.4256,41.848,-71.3632,20482
41.8298,-71.3843,41.848,-71.3632,4408
41.8919,-71.4256,41.8443,-71.3467,21938
41.8298,-71.3843,41.8443,-71.3467,4524
41.8919,-71.4256,41.8199,-71.3543,19040
41.8298,-71.3843,41.8199,-71.3543,4214
41.8919,-71.4256,41.8019,-71.3507,19619
41.8298,-71.3843,41.8019,-71.3507,6242
41.8919,-71.4256,41.7871,-71.3544,21402
41.8298,-71.3843,41.7871,-71.3544,8503
41.8919,-71.4256,41.7597,-71.3656,24124
41.8298,-71.3843,41.7597,-71.3656,11225
41.8919,-71.4256,41.7628,-71.347,24238
41.8298,-71.3843,41.7628,-71.347,11339
41.8919,-71.4256,41.8863,-71.3872,9985
41.8298,-71.3843,41.8863,-71.3872,6586
41.8919,-71.4256,41.8944,-71.3886,8949
41.8298,-71.3843,41.8944,-71.3886,7513
41.8919,-71.4256,41.8913,-71.3973,8112
41.8298,-71.3843,41.8913,-71.3973,7495
41.8919,-71.4256,41.9087,-71.3908,8211
41.8298,-71.3843,41.9087,-71.3908,9288
41.8919,-71.4256,41.9303,-71.413,10580
41.8298,-71.3843,41.9303,-71.413,12855
41.8919,-71.4256,41.9336,-71.3907,10633
41.8298,-71.3843,41.9336,-71.3907,16926
41.8919,-71.4256,41.9612,-71.4114,18826
41.8298,-71.3843,41.9612,-71.4114,27243
41.8919,-71.4256,41.9966,-71.4239,23025
41.8298,-71.3843,41.9966,-71.4239,31442
41.8919,-71.4256,41.9709,-71.4612,15739
41.8298,-71.3843,41.9709,-71.4612,25659
41.8919,-71.4256,41.9525,-71.4694,12482
41.8298,-71.3843,41.9525,-71.4694,22402
41.8919,-71.4256,41.4462,-71.4877,60709
41.8298,-71.3843,41.4462,-71.4877,50402
41.8919,-71.4256,41.3897,-71.5584,70258
41.8298,-71.3843,41.3897,-71.5584,59951
41.8919,-71.4256,41.4141,-71.5664,72025
41.8298,-71.3843,41.4141,-71.5664,61718
41.8919,-71.4256,41.4779,-71.4806,57532
41.8298,-71.3843,41.4779,-71.4806,47225
41.8919,-71.4256,41.4717,-71.5664,59801
41.8298,-71.3843,41.4717,-71.5664,49494
41.8919,-71.4256,41.4758,-71.4362,57148
41.8298,-71.3843,41.4758,-71.4362,46841
41.8919,-71.4256,41.4224,-71.4666,63390
41.8298,-71.3843,41.4224,-71.4666,53082
41.8919,-71.4256,41.3944,-71.4934,66337
41.8298,-71.3843,41.3944,-71.4934,56030
41.8919,-71.4256,41.2269,-71.5696,100265
41.8298,-71.3843,41.2269,-71.5696,89958
41.8919,-71.4256,41.6731,-71.5156,36240
41.8298,-71.3843,41.6731,-71.5156,25933
41.8919,-71.4256,41.8867,-71.4017,8373
41.8298,-71.3843,41.8867,-71.4017,7282
41.8919,-71.4256,41.8657,-71.4108,8344
41.8298,-71.3843,41.8657,-71.4108,6305
41.8919,-71.4256,41.7891,-71.7357,45169
41.8298,-71.3843,41.7891,-71.7357,38754
41.8919,-71.4256,41.8832,-71.3594,18612
41.8298,-71.3843,41.8832,-71.3594,8241
41.8919,-71.4256,41.883,-71.3757,17190
41.8298,-71.3843,41.883,-71.3757,6851
41.8919,-71.4256,41.8733,-71.3931,9244
41.8298,-71.3843,41.8733,-71.3931,5933
41.8919,-71.4256,41.8634,-71.399,9799
41.8298,-71.3843,41.8634,-71.399,4644
41.8919,-71.4256,41.8609,-71.3901,11497
41.8298,-71.3843,41.8609,-71.3901,3726
41.8919,-71.4256,41.8647,-71.3829,16690
41.8298,-71.3843,41.8647,-71.3829,4621
41.8919,-71.4256,41.8722,-71.3781,16929
41.8298,-71.3843,41.8722,-71.3781,5771
41.8919,-71.4256,41.875,-71.3597,18416
41.8298,-71.3843,41.875,-71.3597,7258
41.8919,-71.4256,41.864,-71.3542,20032
41.8298,-71.3843,41.864,-71.3542,6683
41.8919,-71.4256,41.8673,-71.37,18492
41.8298,-71.3843,41.8673,-71.37,7314
41.8919,-71.4256,42.0109,-71.5211,19548
41.8298,-71.3843,42.0109,-71.5211,29468
41.8919,-71.4256,42.0029,-71.5305,18539
41.8298,-71.3843,42.0029,-71.5305,28459
41.8919,-71.4256,41.9965,-71.519,17224
41.8298,-71.3843,41.9965,-71.519,27144
41.8919,-71.4256,41.9882,-71.5019,17748
41.8298,-71.3843,41.9882,-71.5019,27668
41.8919,-71.4256,41.9969,-71.5077,17521
41.8298,-71.3843,41.9969,-71.5077,27441
41.8919,-71.4256,42.0019,-71.5049,18071
41.8298,-71.3843,42.0019,-71.5049,27991
41.8919,-71.4256,42.0058,-71.5114,19177
41.8298,-71.3843,42.0058,-71.5114,29097
41.8919,-71.4256,42.0111,-71.4958,18557
41.8298,-71.3843,42.0111,-71.4958,28477
41.8919,-71.4256,42.0065,-71.496,18320
41.8298,-71.3843,42.0065,-71.496,28240
41.8919,-71.4256,42.0108,-71.4747,18213
41.8298,-71.3843,42.0108,-71.4747,28133
41.8919,-71.4256,41.9958,-71.4838,16401
41.8298,-71.3843,41.9958,-71.4838,26321
41.8919,-71.4256,41.1779,-71.5785,96124
41.8298,-71.3843,41.1779,-71.5785,85817
41.8919,-71.4256,41.5943,-71.4726,43162
41.8298,-71.3843,41.5943,-71.4726,32855
41.8919,-71.4256,41.6086,-71.4412,42512
41.8298,-71.3843,41.6086,-71.4412,32205
41.8919,-71.4256,41.5743,-71.4873,44131
41.8298,-71.3843,41.5743,-71.4873,33824
41.8919,-71.4256,41.5619,-71.4543,49010
41.8298,-71.3843,41.5619,-71.4543,38703
41.8919,-71.4256,41.5301,-71.4925,50087
41.8298,-71.3843,41.5301,-71.4925,39780
41.8919,-71.4256,41.5264,-71.4413,53028
41.8298,-71.3843,41.5264,-71.4413,42721
41.8919,-71.4256,41.5658,-71.6312,59080
41.8298,-71.3843,41.5658,-71.6312,48773
41.8919,-71.4256,41.4983,-71.6608,63290
41.8298,-71.3843,41.4983,-71.6608,52983
41.8919,-71.4256,41.4781,-71.7538,67172
41.8298,-71.3843,41.4781,-71.7538,56865
41.8919,-71.4256,41.3559,-71.8239,85111
41.8298,-71.3843,41.3559,-71.8239,74804
41.8919,-71.4256,41.3844,-71.8026,79078
41.8298,-71.3843,41.3844,-71.8026,68771
41.8919,-71.4256,41.3656,-71.7655,82901
41.8298,-71.3843,41.3656,-71.7655,72594
41.8919,-71.4256,41.3297,-71.796,87425
41.8298,-71.3843,41.3297,-71.796,77118
41.8919,-71.4256,41.3932,-71.6847,78444
41.8298,-71.3843,41.3932,-71.6847,68137
41.8919,-71.4256,41.4101,-71.6251,68851
41.8298,-71.3843,41.4101,-71.6251,58544
41.7438,-71.3442,41.8448,-71.4261,21300
41.7438,-71.3442,41.8673,-71.37,17884
41.75,-71.3215,41.8448,-71.4261,20127
41.75,-71.3215,41.8673,-71.37,16711
41.6951,-71.4001,41.8673,-71.37,29978
41.7438,-71.3442,41.8199,-71.3543,10562
41.7438,-71.3442,41.9084,-71.4154,30789
41.75,-71.3215,41.8199,-71.3543,12050
41.75,-71.3215,41.9084,-71.4154,29616
41.7557,-71.3023,41.8199,-71.3543,12646
41.7557,-71.3023,41.9084,-71.4154,30212
41.7187,-71.2744,41.8199,-71.3543,20370
41.7187,-71.2744,41.9084,-71.4154,36356
41.7246,-71.5254,41.8199,-71.3543,23474
41.7246,-71.5254,41.9084,-71.4154,33404
41.6913,-71.7422,41.8199,-71.3543,50996
41.6913,-71.7422,41.9084,-71.4154,60927
41.6546,-71.4571,41.8199,-71.3543,27375
41.6546,-71.4571,41.9084,-71.4154,37305
41.7466,-71.4135,41.8199,-71.3543,16445
41.7466,-71.4135,41.9084,-71.4154,26376
41.681,-71.3811,41.8199,-71.3543,24848
41.681,-71.3811,41.9084,-71.4154,34779
41.6937,-71.4206,41.8199,-71.3543,22100
41.6937,-71.4206,41.9084,-71.4154,32030
41.632,-71.2348,41.8199,-71.3543,38255
41.632,-71.2348,41.9084,-71.4154,54241
41.5343,-71.2843,41.8199,-71.3543,51527
41.5343,-71.2843,41.9084,-71.4154,67513
41.4816,-71.3038,41.8199,-71.3543,58155
41.4816,-71.3038,41.9084,-71.4154,68034
41.5147,-71.323,41.8199,-71.3543,56865
41.5147,-71.323,41.9084,-71.4154,66795
41.7928,-71.3886,41.8199,-71.3543,8319
41.7928,-71.3886,41.9084,-71.4154,18250
41.8058,-71.4159,41.8199,-71.3543,6705
41.8058,-71.4159,41.9084,-71.4154,15600
41.8238,-71.426,41.8199,-71.3543,8104
41.8238,-71.426,41.9084,-71.4154,13615
41.7933,-71.4317,41.8199,-71.3543,11529
41.7933,-71.4317,41.9084,-71.4154,19590
41.8355,-71.4487,41.8199,-71.3543,10652
41.8355,-71.4487,41.9084,-71.4154,13814
41.8294,-71.4268,41.8199,-71.3543,8221
41.8294,-71.4268,41.9084,-71.4154,14258
41.8441,-71.3988,41.8199,-71.3543,6621
41.8441,-71.3988,41.9084,-71.4154,9690
41.8088,-71.3791,41.8199,-71.3543,3361
41.8088,-71.3791,41.9084,-71.4154,18661
41.7738,-71.3403,41.8199,-71.3543,8373
41.7738,-71.3403,41.9084,-71.4154,28597
41.9084,-71.4154,41.8199,-71.3543,20233
41.9084,-71.4154,41.8199,-71.3543,0
41.8605,-71.4474,41.8199,-71.3543,12338
41.9084,-71.4154,41.8605,-71.4474,11627
41.8626,-71.473,41.8199,-71.3543,15973
41.9084,-71.4154,41.8626,-71.473,10935
41.8283,-71.5376,41.8199,-71.3543,19041
41.9084,-71.4154,41.8283,-71.5376,24271
41.7221,-71.371,41.8199,-71.3543,21245
41.9084,-71.4154,41.7221,-71.371,31176
41.7005,-71.375,41.8199,-71.3543,23162
41.9084,-71.4154,41.7005,-71.375,33092
41.6951,-71.4001,41.8199,-71.3543,23718
41.9084,-71.4154,41.6951,-71.4001,33648
41.7089,-71.3958,41.8199,-71.3543,21117
41.9084,-71.4154,41.7089,-71.3958,31047
41.7073,-71.4416,41.8199,-71.3543,19338
41.9084,-71.4154,41.7073,-71.4416,29268
41.7109,-71.4233,41.8199,-71.3543,21315
41.9084,-71.4154,41.7109,-71.4233,31245
41.6905,-71.4461,41.8199,-71.3543,22884
41.9084,-71.4154,41.6905,-71.4461,32814
41.7153,-71.4634,41.8199,-71.3543,18212
41.9084,-71.4154,41.7153,-71.4634,28143
41.6783,-71.467,41.8199,-71.3543,24268
41.9084,-71.4154,41.6783,-71.467,34198
41.6871,-71.4882,41.8199,-71.3543,23933
41.9084,-71.4154,41.6871,-71.4882,33863
41.7154,-71.4875,41.8199,-71.3543,19866
41.9084,-71.4154,41.7154,-71.4875,29796
41.6527,-71.4379,41.8199,-71.3543,30226
41.9084,-71.4154,41.6527,-71.4379,40156
41.7228,-71.4286,41.8199,-71.3543,21384
41.9084,-71.4154,41.7228,-71.4286,31314
41.5601,-71.2458,41.8199,-71.3543,47932
41.9084,-71.4154,41.5601,-71.2458,63918
41.5977,-71.2941,41.8199,-71.3543,47882
41.9084,-71.4154,41.5977,-71.2941,63869
41.532,-71.3083,41.8199,-71.3543,52865
41.9084,-71.4154,41.532,-71.3083,68851
41.5112,-71.2983,41.8199,-71.3543,53790
41.9084,-71.4154,41.5112,-71.2983,67153
41.5435,-71.2992,41.8199,-71.3543,50401
41.9084,-71.4154,41.5435,-71.2992,66387
41.5064,-71.2641,41.8199,-71.3543,54230
41.9084,-71.4154,41.5064,-71.2641,70217
41.5075,-71.3127,41.8199,-71.3543,55194
41.9084,-71.4154,41.5075,-71.3127,66542
41.4988,-71.3069,41.8199,-71.3543,55102
41.4924,-71.299,41.8199,-71.3543,55802
41.9084,-71.4154,41.4924,-71.299,67460
41.4635,-71.3295,41.8199,-71.3543,61105
41.9084,-71.4154,41.4635,-71.3295,71035
41.4823,-71.3148,41.8199,-71.3543,57673
41.9084,-71.4154,41.4823,-71.3148,67603
41.4933,-71.3274,41.8199,-71.3543,57023
41.9084,-71.4154,41.4933,-71.3274,66953
41.5139,-71.3773,41.8199,-71.3543,49273
41.9084,-71.4154,41.5139,-71.3773,59204
41.5157,-71.1649,41.8199,-71.3543,49617
41.9084,-71.4154,41.5157,-71.1649,65603
41.6667,-71.1889,41.8199,-71.3543,29517
41.9084,-71.4154,41.6667,-71.1889,45503
41.6406,-71.1996,41.8199,-71.3543,34998
41.9084,-71.4154,41.6406,-71.1996,50984
41.643,-71.1629,41.8199,-71.3543,35544
41.9084,-71.4154,41.643,-71.1629,51530
41.5872,-71.1724,41.8199,-71.3543,42486
41.9084,-71.4154,41.5872,-71.1724,58473
41.5398,-71.3155,41.8199,-71.3543,52794
41.9084,-71.4154,41.5398,-71.3155,68780
41.784,-71.4123,41.8199,-71.3543,10917
41.9084,-71.4154,41.784,-71.4123,20848
41.7945,-71.4192,41.8199,-71.3543,8152
41.9084,-71.4154,41.7945,-71.4192,18082
41.8036,-71.4246,41.8199,-71.3543,7796
41.9084,-71.4154,41.8036,-71.4246,15689
41.8514,-71.5001,41.8199,-71.3543,18746
41.9084,-71.4154,41.8514,-71.5001,20821
41.8266,-71.485,41.8199,-71.3543,14478
41.9084,-71.4154,41.8266,-71.485,20515
41.8118,-71.4798,41.8199,-71.3543,14637
41.9084,-71.4154,41.8118,-71.4798,20674
41.9129,-71.5262,41.8199,-71.3543,29168
41.9084,-71.4154,41.9129,-71.5262,12372
41.9846,-71.5335,41.8199,-71.3543,29040
41.9084,-71.4154,41.9846,-71.5335,15253
41.7811,-71.3959,41.8199,-71.3543,9176
41.9084,-71.4154,41.7811,-71.3959,19107
41.797,-71.4446,41.8199,-71.3543,12066
41.9084,-71.4154,41.797,-71.4446,21996
41.7934,-71.462,41.8199,-71.3543,14253
41.9084,-71.4154,41.7934,-71.462,19721
41.8901,-71.3759,41.8199,-71.3543,9413
41.9084,-71.4154,41.8901,-71.3759,6159
41.883,-71.3465,41.8199,-71.3543,9241
41.9084,-71.4154,41.883,-71.3465,8972
41.8702,-71.3449,41.8199,-71.3543,8868
41.9084,-71.4154,41.8702,-71.3449,10196
41.9906,-71.5233,41.8199,-71.3543,28163
41.9084,-71.4154,41.9906,-71.5233,14375
42.0141,-71.5041,41.8199,-71.3543,30373
41.9084,-71.4154,42.0141,-71.5041,15366
41.6347,-71.4325,41.8199,-71.3543,30894
41.9084,-71.4154,41.6347,-71.4325,40825
41.3838,-71.8265,41.8199,-71.3543,71382
41.9084,-71.4154,41.3838,-71.8265,81312
41.4522,-71.507,41.8199,-71.3543,53622
41.9084,-71.4154,41.4522,-71.507,63553
41.4913,-71.5311,41.8199,-71.3543,49099
41.9084,-71.4154,41.4913,-71.5311,59029
41.606,-71.4092,41.8199,-71.3543,36383
41.9084,-71.4154,41.606,-71.4092,46313
41.7261,-71.3081,41.8199,-71.3543,14446
41.9084,-71.4154,41.7261,-71.3081,32011
41.7313,-71.2811,41.8199,-71.3543,18757
41.9084,-71.4154,41.7313,-71.2811,34743
41.7305,-71.2569,41.8199,-71.3543,19052
41.9084,-71.4154,41.7305,-71.2569,35038
41.6724,-71.274,41.8199,-71.3543,25700
41.9084,-71.4154,41.6724,-71.274,41686
41.6627,-71.2582,41.8199,-71.3543,25811
41.9084,-71.4154,41.6627,-71.2582,41797
41.6937,-71.253,41.8199,-71.3543,23351
41.9084,-71.4154,41.6937,-71.253,39337
41.6895,-71.5145,41.8199,-71.3543,24964
41.9084,-71.4154,41.6895,-71.5145,34894
41.7026,-71.5205,41.8199,-71.3543,25667
41.9084,-71.4154,41.7026,-71.5205,35597
41.7091,-71.5283,41.8199,-71.3543,24301
41.9084,-71.4154,41.7091,-71.5283,34232
41.7231,-71.5029,41.8199,-71.3543,21796
41.9084,-71.4154,41.7231,-71.5029,31726
41.716,-71.5539,41.8199,-71.3543,26902
41.9084,-71.4154,41.716,-71.5539,36832
41.6913,-71.5741,41.8199,-71.3543,39714
41.9084,-71.4154,41.6913,-71.5741,49644
41.6714,-71.5581,41.8199,-71.3543,31204
41.9084,-71.4154,41.6714,-71.5581,41134
41.6945,-71.5446,41.8199,-71.3543,27547
41.9084,-71.4154,41.6945,-71.5446,37477
41.6907,-71.6576,41.8199,-71.3543,42385
41.9084,-71.4154,41.6907,-71.6576,52315
41.7027,-71.6044,41.8199,-71.3543,39761
41.9084,-71.4154,41.7027,-71.6044,49691
41.6292,-71.667,41.8199,-71.3543,42064
41.9084,-71.4154,41.6292,-71.667,51994
41.6328,-71.5175,41.8199,-71.3543,31365
41.9084,-71.4154,41.6328,-71.5175,41295
41.6419,-71.4788,41.8199,-71.3543,27709
41.9084,-71.4154,41.6419,-71.4788,37639
41.7592,-71.4128,41.8199,-71.3543,14163
41.9084,-71.4154,41.7592,-71.4128,24094
41.7572,-71.3937,41.8199,-71.3543,11794
41.9084,-71.4154,41.7572,-71.3937,21725
41.7438,-71.4324,41.8199,-71.3543,13879
41.9084,-71.4154,41.7438,-71.4324,23809
41.7396,-71.3879,41.8199,-71.3543,16979
41.9084,-71.4154,41.7396,-71.3879,26909
41.722,-71.4099,41.8199,-71.3543,19406
41.9084,-71.4154,41.722,-71.4099,29336
41.7248,-71.3958,41.8199,-71.3543,19870
41.9084,-71.4154,41.7248,-71.3958,29800
41.8689,-71.429,41.8199,-71.3543,12274
41.9084,-71.4154,41.8689,-71.429,8028
41.8691,-71.4552,41.8199,-71.3543,14825
41.9084,-71.4154,41.8691,-71.4552,10477
41.8523,-71.4627,41.8199,-71.3543,14283
41.9084,-71.4154,41.8523,-71.4627,13572
41.847,-71.4756,41.8199,-71.3543,16495
41.9084,-71.4154,41.847,-71.4756,14165
41.864,-71.482,41.8199,-71.3543,16780
41.9084,-71.4154,41.864,-71.482,11630
41.7978,-71.5035,41.8199,-71.3543,17166
41.9084,-71.4154,41.7978,-71.5035,23203
41.8962,-71.4955,41.8199,-71.3543,20859
41.9084,-71.4154,41.8962,-71.4955,10813
41.9042,-71.5638,41.8199,-71.3543,30381
41.9084,-71.4154,41.9042,-71.5638,16079
41.8688,-71.5561,41.8199,-71.3543,24916
41.9084,-71.4154,41.8688,-71.5561,21788
42.0049,-71.5708,41.8199,-71.3543,32062
41.9084,-71.4154,42.0049,-71.5708,18274
41.9633,-71.5484,41.8199,-71.3543,30721
41.9611,-71.6965,41.8199,-71.3543,46205
41.9084,-71.4154,41.9611,-71.6965,32418
41.9728,-71.7465,41.8199,-71.3543,50515
41.9084,-71.4154,41.9728,-71.7465,36727
41.9693,-71.6421,41.8199,-71.3543,39916
41.9084,-71.4154,41.9693,-71.6421,26128
41.8934,-71.7336,41.8199,-71.3543,40767
41.9084,-71.4154,41.8934,-71.7336,39654
41.8934,-71.6269,41.8199,-71.3543,31516
41.9084,-71.4154,41.8934,-71.6269,28387
41.7908,-71.5791,41.8199,-71.3543,24833
41.9084,-71.4154,41.7908,-71.5791,32160
41.7933,-71.6385,41.8199,-71.3543,29661
41.9084,-71.4154,41.7933,-71.6385,36988
41.7706,-71.3882,41.8199,-71.3543,9898
41.9084,-71.4154,41.7706,-71.3882,19828
41.7688,-71.4183,41.8199,-71.3543,11012
41.9084,-71.4154,41.7688,-71.4183,20942
41.7787,-71.4291,41.8199,-71.3543,11250
41.9084,-71.4154,41.7787,-71.4291,19941
41.7755,-71.4427,41.8199,-71.3543,12253
41.9084,-71.4154,41.7755,-71.4427,20615
41.7666,-71.4384,41.8199,-71.3543,12948
41.9084,-71.4154,41.7666,-71.4384,21340
41.7593,-71.4507,41.8199,-71.3543,16862
41.9084,-71.4154,41.7593,-71.4507,26792
41.7831,-71.4449,41.8199,-71.3543,11561
41.9084,-71.4154,41.7831,-71.4449,21491
41.7422,-71.462,41.8199,-71.3543,15917
41.9084,-71.4154,41.7422,-71.462,25848
41.7728,-71.4623,41.8199,-71.3543,19182
41.9084,-71.4154,41.7728,-71.4623,29112
41.766,-71.5038,41.8199,-71.3543,20489
41.9084,-71.4154,41.766,-71.5038,30419
41.7708,-71.4797,41.8199,-71.3543,19948
41.9084,-71.4154,41.7708,-71.4797,29878
41.7575,-71.5264,41.8199,-71.3543,21733
41.9084,-71.4154,41.7575,-71.5264,31663
41.7866,-71.4863,41.8199,-71.3543,15098
41.9084,-71.4154,41.7866,-71.4863,29152
41.8756,-71.4137,41.8199,-71.3543,13053
41.9084,-71.4154,41.8756,-71.4137,4175
41.8776,-71.3995,41.8199,-71.3543,13211
41.9084,-71.4154,41.8776,-71.3995,5180
41.8794,-71.3856,41.8199,-71.3543,8457
41.9084,-71.4154,41.8794,-71.3856,5373
41.8874,-71.3718,41.8199,-71.3543,8947
41.9084,-71.4154,41.8874,-71.3718,6385
41.8924,-71.3639,41.8199,-71.3543,9149
41.9084,-71.4154,41.8924,-71.3639,6371
41.8889,-71.3594,41.8199,-71.3543,8529
41.9084,-71.4154,41.8889,-71.3594,7169
41.8935,-71.3468,41.8199,-71.3543,10629
41.9084,-71.4154,41.8935,-71.3468,8081
41.7988,-71.41,41.8199,-71.3543,6951
41.9084,-71.4154,41.7988,-71.41,16882
41.8087,-71.404,41.8199,-71.3543,7416
41.9084,-71.4154,41.8087,-71.404,17346
41.8137,-71.4172,41.8199,-71.3543,5910
41.9084,-71.4154,41.8137,-71.4172,14805
41.8244,-71.4137,41.8199,-71.3543,7823
41.9084,-71.4154,41.8244,-71.4137,13307
41.8193,-71.4348,41.8199,-71.3543,7800
41.9084,-71.4154,41.8193,-71.4348,14526
41.8196,-71.4255,41.8199,-71.3543,6949
41.9084,-71.4154,41.8196,-71.4255,13803
41.8136,-71.4259,41.8199,-71.3543,6988
41.9084,-71.4154,41.8136,-71.4259,14881
41.8128,-71.4359,41.8199,-71.3543,10647
41.9084,-71.4154,41.8128,-71.4359,16685
41.8064,-71.4345,41.8199,-71.3543,10461
41.9084,-71.4154,41.8064,-71.4345,16499
41.8118,-71.4474,41.8199,-71.3543,10358
41.9084,-71.4154,41.8118,-71.4474,16395
41.8087,-71.4584,41.8199,-71.3543,11361
41.9084,-71.4154,41.8087,-71.4584,17398
41.8165,-71.4614,41.8199,-71.3543,11601
41.9084,-71.4154,41.8165,-71.4614,17638
41.8214,-71.4451,41.8199,-71.3543,11078
41.9084,-71.4154,41.8214,-71.4451,17116
41.831,-71.463,41.8199,-71.3543,12936
41.9084,-71.4154,41.831,-71.463,18974
41.8287,-71.4499,41.8199,-71.3543,10678
41.9084,-71.4154,41.8287,-71.4499,14479
41.8299,-71.4376,41.8199,-71.3543,9611
41.9084,-71.4154,41.8299,-71.4376,15649
41.8375,-71.4377,41.8199,-71.3543,10528
41.9084,-71.4154,41.8375,-71.4377,12473
41.8432,-71.4502,41.8199,-71.3543,11658
41.9084,-71.4154,41.8432,-71.4502,12748
41.8368,-71.4222,41.8199,-71.3543,8988
41.9084,-71.4154,41.8368,-71.4222,11716
41.8448,-71.4261,41.8199,-71.3543,10176
41.9084,-71.4154,41.8448,-71.4261,11985
41.8541,-71.4355,41.8199,-71.3543,11388
41.9084,-71.4154,41.8541,-71.4355,10677
41.8513,-71.418,41.8199,-71.3543,10318
41.9084,-71.4154,41.8513,-71.418,7236
41.8371,-71.4085,41.8199,-71.3543,6416
41.9084,-71.4154,41.8371,-71.4085,12269
41.8512,-71.4013,41.8199,-71.3543,6968
41.9084,-71.4154,41.8512,-71.4013,7378
41.8447,-71.3841,41.8199,-71.3543,5400
41.9084,-71.4154,41.8447,-71.3841,10014
41.8286,-71.3968,41.8199,-71.3543,4534
41.9084,-71.4154,41.8286,-71.3968,13762
41.8288,-71.4042,41.8199,-71.3543,5156
41.9084,-71.4154,41.8288,-71.4042,13283
41.8183,-71.3951,41.8199,-71.3543,3796
41.9084,-71.4154,41.8183,-71.3951,18557
41.848,-71.3632,41.8199,-71.3543,4023
41.9084,-71.4154,41.848,-71.3632,9790
41.8443,-71.3467,41.8199,-71.3543,3365
41.9084,-71.4154,41.8443,-71.3467,10907
41.8199,-71.3543,41.8443,-71.3467,0
41.8199,-71.3543,41.8019,-71.3507,3042
41.9084,-71.4154,41.8019,-71.3507,20751
41.8199,-71.3543,41.7871,-71.3544,4729
41.9084,-71.4154,41.7871,-71.3544,22534
41.8199,-71.3543,41.7597,-71.3656,7451
41.9084,-71.4154,41.7597,-71.3656,25256
41.8199,-71.3543,41.7628,-71.347,7564
41.9084,-71.4154,41.7628,-71.347,25370
41.8199,-71.3543,41.8863,-71.3872,9182
41.9084,-71.4154,41.8863,-71.3872,5038
41.8199,-71.3543,41.8944,-71.3886,10110
41.9084,-71.4154,41.8944,-71.3886,4205
41.8199,-71.3543,41.8913,-71.3973,10238
41.9084,-71.4154,41.8913,-71.3973,3945
41.8199,-71.3543,41.9087,-71.3908,12211
41.9084,-71.4154,41.9087,-71.3908,3467
41.8199,-71.3543,41.9303,-71.413,16310
41.9084,-71.4154,41.9303,-71.413,5836
41.8199,-71.3543,41.9336,-71.3907,15622
41.9084,-71.4154,41.9336,-71.3907,5888
41.8199,-71.3543,41.9612,-71.4114,30255
41.9084,-71.4154,41.9612,-71.4114,9153
41.8199,-71.3543,41.9966,-71.4239,34454
41.9084,-71.4154,41.9966,-71.4239,13593
41.8199,-71.3543,41.9709,-71.4612,27168
41.9084,-71.4154,41.9709,-71.4612,10308
41.8199,-71.3543,41.9525,-71.4694,23911
41.9084,-71.4154,41.9525,-71.4694,6895
41.8199,-71.3543,41.4462,-71.4877,51911
41.9084,-71.4154,41.4462,-71.4877,61841
41.8199,-71.3543,41.3897,-71.5584,61460
41.9084,-71.4154,41.3897,-71.5584,71390
41.8199,-71.3543,41.4141,-71.5664,63227
41.9084,-71.4154,41.4141,-71.5664,73157
41.8199,-71.3543,41.4779,-71.4806,48734
41.9084,-71.4154,41.4779,-71.4806,58664
41.8199,-71.3543,41.4717,-71.5664,51003
41.9084,-71.4154,41.4717,-71.5664,60933
41.8199,-71.3543,41.4758,-71.4362,48350
41.9084,-71.4154,41.4758,-71.4362,58280
41.8199,-71.3543,41.4224,-71.4666,54591
41.9084,-71.4154,41.4224,-71.4666,64522
41.8199,-71.3543,41.3944,-71.4934,57539
41.9084,-71.4154,41.3944,-71.4934,67469
41.8199,-71.3543,41.2269,-71.5696,91467
41.9084,-71.4154,41.2269,-71.5696,101397
41.8199,-71.3543,41.6731,-71.5156,27442
41.9084,-71.4154,41.6731,-71.5156,37372
41.8199,-71.3543,41.8867,-71.4017,14217
41.9084,-71.4154,41.8867,-71.4017,4073
41.8199,-71.3543,41.8657,-71.4108,12155
41.9084,-71.4154,41.8657,-71.4108,5225
41.8199,-71.3543,41.7891,-71.7357,40263
41.9084,-71.4154,41.7891,-71.7357,45493
41.8199,-71.3543,41.8832,-71.3594,7904
41.9084,-71.4154,41.8832,-71.3594,7664
41.8199,-71.3543,41.883,-71.3757,9023
41.9084,-71.4154,41.883,-71.3757,6218
41.8199,-71.3543,41.8733,-71.3931,8868
41.9084,-71.4154,41.8733,-71.3931,6062
41.8199,-71.3543,41.8634,-71.399,13509
41.9084,-71.4154,41.8634,-71.399,6617
41.8199,-71.3543,41.8609,-71.3901,7295
41.9084,-71.4154,41.8609,-71.3901,7617
41.8199,-71.3543,41.8647,-71.3829,8719
41.9084,-71.4154,41.8647,-71.3829,7173
41.8199,-71.3543,41.8722,-71.3781,7443
41.9084,-71.4154,41.8722,-71.3781,6568
41.8199,-71.3543,41.875,-71.3597,7465
41.9084,-71.4154,41.875,-71.3597,8221
41.8199,-71.3543,41.864,-71.3542,5547
41.9084,-71.4154,41.864,-71.3542,9670
41.8199,-71.3543,41.8673,-71.37,6540
41.9084,-71.4154,41.8673,-71.37,8131
41.8199,-71.3543,42.0109,-71.5211,30977
41.9084,-71.4154,42.0109,-71.5211,15847
41.8199,-71.3543,42.0029,-71.5305,29968
41.9084,-71.4154,42.0029,-71.5305,16181
41.8199,-71.3543,41.9965,-71.519,28653
41.9084,-71.4154,41.9965,-71.519,14865
41.8199,-71.3543,41.9882,-71.5019,29177
41.9084,-71.4154,41.9882,-71.5019,14424
41.8199,-71.3543,41.9969,-71.5077,28950
41.9084,-71.4154,41.9969,-71.5077,13758
41.8199,-71.3543,42.0019,-71.5049,29500
41.9084,-71.4154,42.0019,-71.5049,13609
41.8199,-71.3543,42.0058,-71.5114,30606
41.9084,-71.4154,42.0058,-71.5114,14704
41.8199,-71.3543,42.0111,-71.4958,29985
41.9084,-71.4154,42.0111,-71.4958,14978
41.8199,-71.3543,42.0065,-71.496,29749
41.9084,-71.4154,42.0065,-71.496,14742
41.8199,-71.3543,42.0108,-71.4747,29642
41.9084,-71.4154,42.0108,-71.4747,15855
41.8199,-71.3543,41.9958,-71.4838,27830
41.9084,-71.4154,41.9958,-71.4838,14042
41.8199,-71.3543,41.1779,-71.5785,87326
41.9084,-71.4154,41.1779,-71.5785,97256
41.8199,-71.3543,41.5943,-71.4726,34364
41.9084,-71.4154,41.5943,-71.4726,44294
41.8199,-71.3543,41.6086,-71.4412,33713
41.9084,-71.4154,41.6086,-71.4412,43644
41.8199,-71.3543,41.5743,-71.4873,35333
41.9084,-71.4154,41.5743,-71.4873,45263
41.8199,-71.3543,41.5619,-71.4543,40211
41.9084,-71.4154,41.5619,-71.4543,50142
41.8199,-71.3543,41.5301,-71.4925,41289
41.9084,-71.4154,41.5301,-71.4925,51219
41.8199,-71.3543,41.5264,-71.4413,44230
41.9084,-71.4154,41.5264,-71.4413,54160
41.8199,-71.3543,41.5658,-71.6312,50282
41.9084,-71.4154,41.5658,-71.6312,60212
41.8199,-71.3543,41.4983,-71.6608,54491
41.9084,-71.4154,41.4983,-71.6608,64422
41.8199,-71.3543,41.4781,-71.7538,58374
41.9084,-71.4154,41.4781,-71.7538,68304
41.8199,-71.3543,41.3559,-71.8239,76313
41.9084,-71.4154,41.3559,-71.8239,86243
41.8199,-71.3543,41.3844,-71.8026,70280
41.9084,-71.4154,41.3844,-71.8026,80210
41.8199,-71.3543,41.3656,-71.7655,74103
41.9084,-71.4154,41.3656,-71.7655,84033
41.8199,-71.3543,41.3297,-71.796,78627
41.9084,-71.4154,41.3297,-71.796,88557
41.8199,-71.3543,41.3932,-71.6847,69646
41.9084,-71.4154,41.3932,-71.6847,79576
41.8199,-71.3543,41.4101,-71.6251,60053
41.9084,-71.4154,41.4101,-71.6251,69983
41.7438,-71.3442,41.8286,-71.3968,17161
41.7438,-71.3442,41.8689,-71.429,23249
41.75,-71.3215,41.8286,-71.3968,15987
41.75,-71.3215,41.8689,-71.429,22076
41.7557,-71.3023,41.8286,-71.3968,16583
41.7557,-71.3023,41.8689,-71.429,22672
41.7187,-71.2744,41.8286,-71.3968,22728
41.7187,-71.2744,41.8689,-71.429,28817
41.7246,-71.5254,41.8286,-71.3968,21994
41.7246,-71.5254,41.8689,-71.429,25865
41.6913,-71.7422,41.8286,-71.3968,49516
41.6913,-71.7422,41.8689,-71.429,53387
41.6546,-71.4571,41.8286,-71.3968,25895
41.6546,-71.4571,41.8689,-71.429,29766
41.7466,-71.4135,41.8286,-71.3968,14965
41.7466,-71.4135,41.8689,-71.429,18836
41.681,-71.3811,41.8286,-71.3968,23368
41.681,-71.3811,41.8689,-71.429,27239
41.6937,-71.4206,41.8286,-71.3968,20619
41.6937,-71.4206,41.8689,-71.429,24491
41.632,-71.2348,41.8286,-71.3968,40613
41.632,-71.2348,41.8689,-71.429,46701
41.5343,-71.2843,41.8286,-71.3968,53885
41.5343,-71.2843,41.8689,-71.429,59974
41.4816,-71.3038,41.8286,-71.3968,56623
41.4816,-71.3038,41.8689,-71.429,60494
41.5147,-71.323,41.8286,-71.3968,55385
41.5147,-71.323,41.8689,-71.429,59256
41.7928,-71.3886,41.8286,-71.3968,6839
41.7928,-71.3886,41.8689,-71.429,10710
41.8058,-71.4159,41.8286,-71.3968,5224
41.8058,-71.4159,41.8689,-71.429,8061
41.8238,-71.426,41.8286,-71.3968,3561
41.8238,-71.426,41.8689,-71.429,6076
41.7933,-71.4317,41.8286,-71.3968,10048
41.7933,-71.4317,41.8689,-71.429,12050
41.8355,-71.4487,41.8286,-71.3968,6541
41.8355,-71.4487,41.8689,-71.429,6019
41.8294,-71.4268,41.8286,-71.3968,4619
41.8294,-71.4268,41.8689,-71.429,6719
41.8441,-71.3988,41.8286,-71.3968,2435
41.8441,-71.3988,41.8689,-71.429,4897
41.8088,-71.3791,41.8286,-71.3968,5698
41.8088,-71.3791,41.8689,-71.429,11122
41.7738,-71.3403,41.8286,-71.3968,14969
41.7738,-71.3403,41.8689,-71.429,21058
41.8605,-71.4474,41.8286,-71.3968,7475
41.8605,-71.4474,41.8689,-71.429,2263
41.8626,-71.473,41.8286,-71.3968,9982
41.8626,-71.473,41.8689,-71.429,4282
41.8283,-71.5376,41.8286,-71.3968,14498
41.8283,-71.5376,41.8689,-71.429,17539
41.7221,-71.371,41.8286,-71.3968,19765
41.7221,-71.371,41.8689,-71.429,23636
41.7005,-71.375,41.8286,-71.3968,21682
41.7005,-71.375,41.8689,-71.429,25553
41.6951,-71.4001,41.8286,-71.3968,22237
41.6951,-71.4001,41.8689,-71.429,26108
41.7089,-71.3958,41.8286,-71.3968,19637
41.7089,-71.3958,41.8689,-71.429,23508
41.7073,-71.4416,41.8286,-71.3968,17858
41.7073,-71.4416,41.8689,-71.429,21729
41.7109,-71.4233,41.8286,-71.3968,19834
41.7109,-71.4233,41.8689,-71.429,23706
41.6905,-71.4461,41.8286,-71.3968,21404
41.6905,-71.4461,41.8689,-71.429,25275
41.7153,-71.4634,41.8286,-71.3968,16732
41.7153,-71.4634,41.8689,-71.429,20603
41.6783,-71.467,41.8286,-71.3968,22788
41.6783,-71.467,41.8689,-71.429,26659
41.6871,-71.4882,41.8286,-71.3968,22453
41.6871,-71.4882,41.8689,-71.429,26324
41.7154,-71.4875,41.8286,-71.3968,18385
41.7154,-71.4875,41.8689,-71.429,22256
41.6527,-71.4379,41.8286,-71.3968,28746
41.6527,-71.4379,41.8689,-71.429,32617
41.7228,-71.4286,41.8286,-71.3968,19904
41.7228,-71.4286,41.8689,-71.429,23775
41.5601,-71.2458,41.8286,-71.3968,50290
41.5601,-71.2458,41.8689,-71.429,56379
41.5977,-71.2941,41.8286,-71.3968,50240
41.5977,-71.2941,41.8689,-71.429,56329
41.532,-71.3083,41.8286,-71.3968,55223
41.532,-71.3083,41.8689,-71.429,61312
41.5112,-71.2983,41.8286,-71.3968,55742
41.5112,-71.2983,41.8689,-71.429,59613
41.5435,-71.2992,41.8286,-71.3968,52759
41.5435,-71.2992,41.8689,-71.429,58848
41.5064,-71.2641,41.8286,-71.3968,56588
41.5064,-71.2641,41.8689,-71.429,62677
41.5075,-71.3127,41.8286,-71.3968,55131
41.5075,-71.3127,41.8689,-71.429,59002
41.4988,-71.3069,41.8286,-71.3968,55112
41.4988,-71.3069,41.8689,-71.429,58983
41.4924,-71.299,41.8286,-71.3968,56050
41.4924,-71.299,41.8689,-71.429,59921
41.4635,-71.3295,41.8286,-71.3968,59625
41.4635,-71.3295,41.8689,-71.429,63496
41.4823,-71.3148,41.8286,-71.3968,56192
41.4823,-71.3148,41.8689,-71.429,60064
41.4933,-71.3274,41.8286,-71.3968,55542
41.4933,-71.3274,41.8689,-71.429,59413
41.5139,-71.3773,41.8286,-71.3968,47793
41.5139,-71.3773,41.8689,-71.429,51664
41.5157,-71.1649,41.8286,-71.3968,51975
41.5157,-71.1649,41.8689,-71.429,58064
41.6667,-71.1889,41.8286,-71.3968,31875
41.6667,-71.1889,41.8689,-71.429,37964
41.6406,-71.1996,41.8286,-71.3968,37356
41.6406,-71.1996,41.8689,-71.429,43445
41.643,-71.1629,41.8286,-71.3968,37902
41.643,-71.1629,41.8689,-71.429,43991
41.5872,-71.1724,41.8286,-71.3968,44844
41.5872,-71.1724,41.8689,-71.429,50933
41.5398,-71.3155,41.8286,-71.3968,55152
41.5398,-71.3155,41.8689,-71.429,61240
41.784,-71.4123,41.8286,-71.3968,9437
41.784,-71.4123,41.8689,-71.429,13308
41.7945,-71.4192,41.8286,-71.3968,6672
41.7945,-71.4192,41.8689,-71.429,10543
41.8036,-71.4246,41.8286,-71.3968,6316
41.8036,-71.4246,41.8689,-71.429,8149
41.8514,-71.5001,41.8286,-71.3968,14202
41.8514,-71.5001,41.8689,-71.429,8897
41.8266,-71.485,41.8286,-71.3968,9934
41.8266,-71.485,41.8689,-71.429,12976
41.8118,-71.4798,41.8286,-71.3968,10094
41.8118,-71.4798,41.8689,-71.429,13135
41.9129,-71.5262,41.8286,-71.3968,24305
41.9129,-71.5262,41.8689,-71.429,11164
41.9846,-71.5335,41.8286,-71.3968,24177
41.9846,-71.5335,41.8689,-71.429,17389
41.7811,-71.3959,41.8286,-71.3968,7696
41.7811,-71.3959,41.8689,-71.429,11567
41.797,-71.4446,41.8286,-71.3968,10586
41.797,-71.4446,41.8689,-71.429,14457
41.7934,-71.462,41.8286,-71.3968,12773
41.7934,-71.462,41.8689,-71.429,12182
41.8901,-71.3759,41.8286,-71.3968,10114
41.8901,-71.3759,41.8689,-71.429,8587
41.883,-71.3465,41.8286,-71.3968,11280
41.883,-71.3465,41.8689,-71.429,10690
41.8702,-71.3449,41.8286,-71.3968,10907
41.8702,-71.3449,41.8689,-71.429,10980
41.9906,-71.5233,41.8286,-71.3968,23300
41.9906,-71.5233,41.8689,-71.429,16511
42.0141,-71.5041,41.8286,-71.3968,25510
42.0141,-71.5041,41.8689,-71.429,18722
41.6347,-71.4325,41.8286,-71.3968,29414
41.6347,-71.4325,41.8689,-71.429,33285
41.3838,-71.8265,41.8286,-71.3968,69901
41.3838,-71.8265,41.8689,-71.429,73772
41.4522,-71.507,41.8286,-71.3968,52142
41.4522,-71.507,41.8689,-71.429,56013
41.4913,-71.5311,41.8286,-71.3968,47619
41.4913,-71.5311,41.8689,-71.429,51490
41.606,-71.4092,41.8286,-71.3968,34903
41.606,-71.4092,41.8689,-71.429,38774
41.7261,-71.3081,41.8286,-71.3968,18383
41.7261,-71.3081,41.8689,-71.429,24472
41.7313,-71.2811,41.8286,-71.3968,21115
41.7313,-71.2811,41.8689,-71.429,27204
41.7305,-71.2569,41.8286,-71.3968,21409
41.7305,-71.2569,41.8689,-71.429,27498
41.6724,-71.274,41.8286,-71.3968,28058
41.6724,-71.274,41.8689,-71.429,34147
41.6627,-71.2582,41.8286,-71.3968,28169
41.6627,-71.2582,41.8689,-71.429,34258
41.6937,-71.253,41.8286,-71.3968,25709
41.6937,-71.253,41.8689,-71.429,31798
41.6895,-71.5145,41.8286,-71.3968,23484
41.6895,-71.5145,41.8689,-71.429,27355
41.7026,-71.5205,41.8286,-71.3968,24187
41.7026,-71.5205,41.8689,-71.429,28058
41.7091,-71.5283,41.8286,-71.3968,22821
41.7091,-71.5283,41.8689,-71.429,26692
41.7231,-71.5029,41.8286,-71.3968,20316
41.7231,-71.5029,41.8689,-71.429,24187
41.716,-71.5539,41.8286,-71.3968,25422
41.716,-71.5539,41.8689,-71.429,29293
41.8689,-71.429,41.8136,-71.4259,7341
